DATE_OF_THE_CONTRACT,EMPLOYER_NAME,EMPLOYER_EMAIL,EMPLOYEE_NAME,EMPLOYEE_EMAIL
9/24/2023,Jillana Rotchell,cthirsk0@a8.net,Cleo Thirsk,cthirsk0@typepad.com
7/14/2023,Grace Tregenna,diacomelli1@ovh.net,Dilly Iacomelli,diacomelli1@weebly.com
1/24/2024,Staffard Ost,tcookley2@bizjournals.com,Taber Cookley,tcookley2@mtv.com
1/13/2024,Tybie Spyvye,slamming3@ezinearticles.com,Stewart Lamming,slamming3@trellian.com
9/9/2023,Mavra Arnefield,ejosephi4@usnews.com,Edgard Josephi,ejosephi4@youku.com
2/9/2023,Tamra Girardez,vbeaudry5@pinterest.com,Vale Beaudry,vbeaudry5@vimeo.com
8/26/2023,Angie Harling,thufton6@google.fr,Tera Hufton,thufton6@forbes.com
11/24/2023,Lorri Dismore,bsmelley7@salon.com,Benny Smelley,bsmelley7@constantcontact.com
8/11/2023,Patricia Meijer,emanueau8@dot.gov,Ewen Manueau,emanueau8@dell.com
11/30/2023,Gardener Hounihan,gmaplesden9@taobao.com,Gayler Maplesden,gmaplesden9@senate.gov
5/19/2023,Freemon Mellon,dcamerona@skyrock.com,Deborah Cameron,dcamerona@usnews.com
10/3/2023,Jolyn Lowing,mlaxtonb@dagondesign.com,Mathias Laxton,mlaxtonb@livejournal.com
4/3/2023,Grover Reeson,plerwayc@gnu.org,Pasquale Lerway,plerwayc@etsy.com
2/13/2023,Cly Huntriss,gkornd@odnoklassniki.ru,Garrick Korn,gkornd@ted.com
8/1/2023,Charlotta Brundall,gmassee@hao123.com,Gennifer Masse,gmassee@bbc.co.uk
12/2/2023,Sibelle Rikkard,wkeitleyf@dion.ne.jp,Wanids Keitley,wkeitleyf@skype.com
4/23/2023,Celeste Piggens,lwilcotg@bandcamp.com,Lisa Wilcot,lwilcotg@alexa.com
8/1/2023,Elna Marrows,twoollheadh@arizona.edu,Tansy Woollhead,twoollheadh@stumbleupon.com
11/8/2023,Catrina Flay,rbrodbini@goodreads.com,Rolf Brodbin,rbrodbini@vimeo.com
11/24/2023,Marcellina Adair,rwarkej@wikispaces.com,Rod Warke,rwarkej@engadget.com
1/4/2024,Alyse Attride,phoulahank@wix.com,Pedro Houlahan,phoulahank@eepurl.com
6/26/2023,Alfie Shilling,khoveyl@go.com,Kaia Hovey,khoveyl@cmu.edu
10/14/2023,Daryle Beechcraft,mosullivanm@livejournal.com,Mohandas O'Sullivan,mosullivanm@answers.com
5/5/2023,Ilise Meaney,sheinsenn@si.edu,Solomon Heinsen,sheinsenn@canalblog.com
8/20/2023,Baillie Legat,djono@blog.com,Deane Jon,djono@barnesandnoble.com
8/27/2023,Alonso Tellesson,gsollandp@prweb.com,Gav Solland,gsollandp@google.nl
10/29/2023,Franklin Beverley,xiacovielliq@xrea.com,Ximenes Iacovielli,xiacovielliq@indiegogo.com
10/6/2023,Candice Ply,rmatleyr@cornell.edu,Reeva Matley,rmatleyr@ycombinator.com
11/29/2023,Paton Yakovl,kmordues@bigcartel.com,Karim Mordue,kmordues@time.com
8/12/2023,Corliss Bunce,rkittlet@hubpages.com,Reinhard Kittle,rkittlet@boston.com
11/16/2023,Nefen Swinford,amingetu@blinklist.com,Anna-maria Minget,amingetu@bandcamp.com
2/21/2023,Forest Madders,hdowngatev@amazon.co.uk,Hagen Downgate,hdowngatev@jugem.jp
8/20/2023,Llywellyn Coudray,pmurrigansw@vistaprint.com,Phip Murrigans,pmurrigansw@tripod.com
1/6/2024,Marjorie Walenta,dsturtx@bloomberg.com,Doris Sturt,dsturtx@cocolog-nifty.com
11/11/2023,Gregor Guillain,cmacgilpatricky@desdev.cn,Corine MacGilpatrick,cmacgilpatricky@skype.com
9/7/2023,Veronica Aland,hbericz@patch.com,Hansiain Beric,hbericz@cnet.com
2/3/2024,Lola Wasmer,rfarlowe10@oracle.com,Reuben Farlowe,rfarlowe10@usatoday.com
8/17/2023,Druci Lippiatt,dcopcott11@yahoo.co.jp,Dyanne Copcott,dcopcott11@google.com.br
4/14/2023,Adriana Magnus,njickells12@wiley.com,Nathaniel Jickells,njickells12@rakuten.co.jp
6/26/2023,Onofredo Tuckerman,bseviour13@unesco.org,Bartel Seviour,bseviour13@joomla.org
2/5/2024,Elihu Wiz,sbanbury14@oakley.com,Stirling Banbury,sbanbury14@soundcloud.com
9/22/2023,Bobbe Manion,aeminson15@cam.ac.uk,Adela Eminson,aeminson15@kickstarter.com
2/1/2024,Steffane Doumerque,lscutchings16@angelfire.com,Leola Scutchings,lscutchings16@imgur.com
5/23/2023,Lauree Meeus,rprinn17@gravatar.com,Ruthi Prinn,rprinn17@1688.com
6/15/2023,Alison Jandac,ccollumbell18@is.gd,Craig Collumbell,ccollumbell18@vkontakte.ru
8/6/2023,Francene Shropshire,bcud19@parallels.com,Billy Cud,bcud19@cmu.edu
12/3/2023,Melisa Wadie,jsharrard1a@archive.org,Jodie Sharrard,jsharrard1a@sourceforge.net
11/9/2023,Jeniece Dasent,aocullen1b@imdb.com,Alexandra O'Cullen,aocullen1b@stanford.edu
7/4/2023,Lisabeth Barnett,sferagh1c@apple.com,Suzann Feragh,sferagh1c@google.de
3/19/2023,Sonja Crease,megdell1d@indiegogo.com,Morgan Egdell,megdell1d@answers.com
