DATE_OF_THE_CONTRACT,EMPLOYER_NAME,EMPLOYER_EMAIL,EMPLOYEE_NAME,EMPLOYEE_EMAIL
10/4/2023,Averyl Worpole,molyonov0@wunderground.com,Marcela Olyonov,molyonov0@1und1.de
11/28/2023,Ninnetta Hakonsson,pmalimoe1@sogou.com,Penelopa Malimoe,pmalimoe1@salon.com
3/2/2023,Renault Birdall,stunniclisse2@telegraph.co.uk,Shena Tunniclisse,stunniclisse2@cpanel.net
10/21/2023,Minetta Widger,creadwin3@alibaba.com,Cathleen Readwin,creadwin3@pagesperso-orange.fr
2/15/2023,Jereme Banner,ccanadas4@com.com,Clay Canadas,ccanadas4@so-net.ne.jp
11/17/2023,Spence Cords,eshout5@ucoz.ru,Ewen Shout,eshout5@vistaprint.com
5/6/2023,Chad Tolussi,adulwitch6@nature.com,Ariel Dulwitch,adulwitch6@wikia.com
12/25/2023,Shelia Cleft,amcilherran7@nasa.gov,Arden McIlherran,amcilherran7@constantcontact.com
6/22/2023,Debera Pennycuick,gwood8@wix.com,Godfree Wood,gwood8@123-reg.co.uk
9/10/2023,Warden Ruffles,atribbeck9@xinhuanet.com,Ario Tribbeck,atribbeck9@amazon.de
2/16/2023,Douglass Byrth,erudloffa@google.nl,Elaine Rudloff,erudloffa@amazon.com
5/6/2023,Yuri Cattemull,mmumfordb@tmall.com,Melvyn Mumford,mmumfordb@yellowpages.com
11/1/2023,Nert Pett,vplayfairc@tiny.cc,Violette Playfair,vplayfairc@vk.com
9/12/2023,Robby Dollen,dclued@geocities.jp,Drucy Clue,dclued@php.net
2/1/2024,Kiersten Rooney,smckerane@wp.com,Sib McKeran,smckerane@merriam-webster.com
8/3/2023,Linus Alvis,nboorerf@ucla.edu,Neille Boorer,nboorerf@independent.co.uk
7/29/2023,Ravid Menendes,gtummonsg@macromedia.com,Gael Tummons,gtummonsg@auda.org.au
11/14/2023,Felipa Espada,smcramseyh@bravesites.com,Steffen McRamsey,smcramseyh@blogtalkradio.com
5/6/2023,Davidde Minchinton,rpoacheri@51.la,Rita Poacher,rpoacheri@etsy.com
7/30/2023,Jacquelynn Moorman,nsherwinj@odnoklassniki.ru,Nathanael Sherwin,nsherwinj@dailymail.co.uk
